<grade>
  <matriculas>
    <matricula>
      <nomeDisciplina>Calculo 1</nomeDisciplina>
      <turma>
        <nome>BB</nome>
        <horarios>
          <horario>
            <diaDaSemana>Segunda</diaDaSemana>
            <hora>10:00 as 12:00</hora>
          </horario>
          <horario>
            <diaDaSemana>Quarta</diaDaSemana>
            <hora>10:00 as 12:00</hora>
          </horario>
          <horario>
            <diaDaSemana>Sexta</diaDaSemana>
            <hora>10:00 as 12:00</hora>
          </horario>
        </horarios>
      </turma>
    </matricula>
  </matriculas>
</grade>